player_id,status,timestamp
212867,valid_processed,2025-04-09 20:49:56
212868,valid_error,2025-04-09 20:49:58
212869,valid_processed,2025-04-09 20:50:00
212870,valid_processed,2025-04-09 20:50:03
212871,valid_error,2025-04-09 20:50:05
212872,valid_processed,2025-04-09 20:50:07
212873,valid_processed,2025-04-09 20:50:10
212874,valid_processed,2025-04-09 20:50:13
212875,valid_processed,2025-04-09 20:50:15
212876,invalid,2025-04-09 20:50:17
212877,valid_processed,2025-04-09 20:50:19
212878,valid_error,2025-04-09 20:50:23
212879,valid_processed,2025-04-09 20:50:25
212880,invalid,2025-04-09 20:50:27
212881,valid_processed,2025-04-09 20:50:30
212882,invalid,2025-04-09 20:50:32
212883,invalid,2025-04-09 20:50:34
212884,invalid,2025-04-09 20:50:36
212885,valid_processed,2025-04-09 20:50:39
212886,valid_processed,2025-04-09 20:50:41
212887,invalid,2025-04-09 20:50:43
212888,invalid,2025-04-09 20:50:45
212889,valid_error,2025-04-09 20:50:47
212890,valid_error,2025-04-09 20:50:49
212891,invalid,2025-04-09 20:50:51
212892,valid_error,2025-04-09 20:50:54
212893,valid_processed,2025-04-09 20:50:57
212894,valid_processed,2025-04-09 20:50:59
212895,valid_error,2025-04-09 20:51:03
212896,valid_processed,2025-04-09 20:51:06
212897,valid_error,2025-04-09 20:51:08
212898,valid_processed,2025-04-09 20:51:10
212899,valid_error,2025-04-09 20:51:12
212900,valid_error,2025-04-09 20:51:13
